B01001,Sex by Age,,,,,,,,,,,,,,,,,,,,,,,,,,,,,,,,,,,,,,,,,,,,,,,,,,,,,,,,,,,,,,,,,,,,,,,,,,,,,,,,,,,,,,,,,,,,,,,,,,,,,,,,,,,,,,,,,,,,,,,
,United States,,California,,"Alameda County, CA",,"Alpine County, CA",,"Amador County, CA",,"Butte County, CA",,"Calaveras County, CA",,"Colusa County, CA",,"Contra Costa County, CA",,"Del Norte County, CA",,"El Dorado County, CA",,"Fresno County, CA",,"Glenn County, CA",,"Humboldt County, CA",,"Imperial County, CA",,"Inyo County, CA",,"Kern County, CA",,"Kings County, CA",,"Lake County, CA",,"Lassen County, CA",,"Los Angeles County, CA",,"Madera County, CA",,"Marin County, CA",,"Mariposa County, CA",,"Mendocino County, CA",,"Merced County, CA",,"Modoc County, CA",,"Mono County, CA",,"Monterey County, CA",,"Napa County, CA",,"Nevada County, CA",,"Orange County, CA",,"Placer County, CA",,"Plumas County, CA",,"Riverside County, CA",,"Sacramento County, CA",,"San Benito County, CA",,"San Bernardino County, CA",,"San Diego County, CA",,"San Francisco County, CA",,"San Joaquin County, CA",,"San Luis Obispo County, CA",,"San Mateo County, CA",,"Santa Barbara County, CA",,"Santa Clara County, CA",,"Santa Cruz County, CA",,"Shasta County, CA",,"Sierra County, CA",,"Siskiyou County, CA",,"Solano County, CA",,"Sonoma County, CA",,"Stanislaus County, CA",,"Sutter County, CA",,"Tehama County, CA",,"Trinity County, CA",,"Tulare County, CA",,"Tuolumne County, CA",,"Ventura County, CA",,"Yolo County, CA",,"Yuba County, CA",
,Value,Error,Value,Error,Value,Error,Value,Error,Value,Error,Value,Error,Value,Error,Value,Error,Value,Error,Value,Error,Value,Error,Value,Error,Value,Error,Value,Error,Value,Error,Value,Error,Value,Error,Value,Error,Value,Error,Value,Error,Value,Error,Value,Error,Value,Error,Value,Error,Value,Error,Value,Error,Value,Error,Value,Error,Value,Error,Value,Error,Value,Error,Value,Error,Value,Error,Value,Error,Value,Error,Value,Error,Value,Error,Value,Error,Value,Error,Value,Error,Value,Error,Value,Error,Value,Error,Value,Error,Value,Error,Value,Error,Value,Error,Value,Error,Value,Error,Value,Error,Value,Error,Value,Error,Value,Error,Value,Error,Value,Error,Value,Error,Value,Error,Value,Error,Value,Error,Value,Error
Total:,324697795,0,39283497,0,1656754,0,1039,161,38429,0,225817,0,45514,0,21454,0,1142251,0,27495,0,188563,0,984521,0,27976,0,135940,0,180701,0,17977,0,887641,0,150691,0,64195,0,30818,0,10081570,0,155433,0,259943,0,17420,0,87224,0,271382,0,8907,0,14310,0,433410,0,139623,0,99244,0,3168044,0,385512,0,18660,0,2411439,0,1524553,0,60376,0,2149031,0,3316073,0,874961,0,742603,0,282165,0,767423,0,444829,0,1927470,0,273962,0,179212,0,3040,161,43468,0,441829,0,499772,0,543194,0,96109,0,63912,0,12700,0,461898,0,54045,0,847263,0,217352,0,76360,0
Male:,159886919,5817,19526298,1141,814515,36,554,95,20640,136,111735,86,22663,295,10994,120,558502,143,14745,178,93922,152,491146,86,14218,119,67576,212,92752,146,9062,121,454843,149,82995,130,31865,130,20332,216,4969382,0,74972,135,126956,129,8872,186,43242,178,136987,167,4626,191,7634,311,221001,106,69603,96,48947,170,1563832,0,188162,122,9282,132,1200960,89,744997,0,30151,113,1069766,234,1669515,0,446286,173,370152,107,143006,198,379328,107,222659,189,974422,201,135634,162,88047,143,1625,115,21708,83,219818,78,244045,195,268871,116,47866,76,31773,120,6535,100,230966,98,28112,151,419111,113,105438,189,38950,164
Under 5 years,10112614,3826,1254607,535,49611,0,22,14,796,57,6395,23,920,115,742,76,33495,127,884,106,4431,51,39692,53,1159,143,3684,77,7652,103,513,55,35815,44,5955,31,1857,85,796,100,313551,0,5912,88,5999,73,412,52,2588,56,10980,99,212,35,253,149,16080,60,3680,51,2214,134,96241,0,10507,30,420,51,80545,0,50401,0,1914,34,78467,103,107496,0,20174,53,26799,88,6678,94,22587,42,14496,48,59811,151,7203,78,5423,99,100,31,1167,65,13822,82,12771,50,19998,107,3372,67,1938,43,334,71,19369,33,1219,63,25795,71,6163,125,3097,98
5 to 9 years,10276829,16598,1257974,6123,49375,1054,21,16,730,129,6941,373,1253,252,919,131,36175,989,787,146,5264,406,39372,1084,995,197,3631,334,6961,580,484,89,35873,1281,5478,413,1863,263,534,94,305531,2789,6023,449,7011,456,452,118,2596,260,11871,556,283,62,472,152,16388,626,3954,264,2699,273,95037,1503,12556,577,411,118,85529,1481,51384,1287,1876,274,80167,1610,98573,1899,15900,546,29303,1008,7237,510,23697,825,14196,750,60829,1130,7407,521,5689,347,73,27,1372,181,13740,544,14417,676,19923,821,3668,290,2209,236,278,80,21062,699,1451,209,26436,866,6495,463,3123,312
10 to 14 years,10708022,16572,1318355,6152,48777,1054,53,25,849,131,5985,381,977,263,817,130,39793,989,978,169,5988,452,41586,1087,1154,189,3777,321,7556,583,553,90,38267,1285,6190,412,1848,271,718,100,320357,2789,6259,440,8676,457,349,93,2738,260,11486,556,254,64,456,141,16623,633,4668,264,2297,259,105267,1502,12846,585,430,115,92316,1481,52729,1286,2582,283,83557,1596,103482,1899,15345,562,30040,1006,7355,521,21847,829,13614,751,62964,1143,7767,538,5206,342,64,27,1266,166,14671,544,14430,678,22568,822,3725,300,2351,229,305,76,20810,704,1146,187,29918,868,6586,449,3139,321
15 to 17 years,6429069,3398,779960,618,28149,36,9,11,570,67,4080,64,825,92,521,35,23934,68,409,21,3773,80,22653,34,660,57,2107,64,4327,83,335,61,21196,89,3247,109,1142,73,432,29,193723,0,3533,60,4974,131,233,22,1586,39,6891,46,191,70,360,144,9083,63,2800,90,1606,124,63648,0,8122,49,261,44,54914,88,30639,0,1469,52,50052,104,60115,0,8578,86,17865,53,4331,118,13661,94,8130,54,35944,86,4723,85,3500,89,27,24,776,49,8378,58,8967,144,12746,54,2185,38,1241,59,239,70,11971,82,749,68,17629,59,4059,97,1692,128
18 and 19 years,4411135,5291,529837,837,19354,0,13,20,448,103,3864,115,461,111,263,38,13715,113,225,99,2089,110,13929,38,391,127,2327,164,2701,101,270,100,12987,94,2181,111,692,151,399,64,132445,0,2225,105,2679,126,134,23,930,28,5163,138,102,90,16,17,6355,89,1711,24,992,170,41352,0,4535,129,260,75,35188,63,17990,0,831,15,31692,89,48460,0,6298,67,10973,99,6934,281,7597,132,10282,248,22629,93,6461,198,1993,87,32,42,480,32,5294,65,6064,157,7503,51,1234,63,669,28,165,73,7066,88,598,124,11334,38,5914,150,948,64
20 years,2352092,13695,295438,4457,10221,694,0,12,247,120,2876,484,152,115,177,100,6830,602,191,108,1220,270,7845,640,239,120,1210,356,1176,245,66,43,7757,684,1367,288,271,125,418,99,73576,1774,1206,282,1148,258,68,44,551,182,2582,436,5,8,407,204,3974,421,1028,195,273,135,22819,1008,2184,298,61,55,18969,893,9706,658,607,152,17093,921,29802,1289,3350,458,5671,512,4252,744,4185,543,5712,679,12056,834,3640,523,925,191,0,12,390,94,3171,430,3275,429,4239,458,419,134,604,210,73,62,3721,504,342,125,6440,567,4062,762,589,189
21 years,2303286,14015,285103,3566,10048,725,7,11,183,111,2938,466,272,157,275,90,6453,536,86,46,1101,255,7613,679,175,95,979,246,2195,392,65,55,7173,622,1770,330,420,191,337,95,71788,1535,1292,277,773,233,71,57,421,133,2283,453,24,24,197,152,3040,378,923,206,348,208,22174,936,2232,305,106,70,16523,985,9589,701,426,106,17132,918,29878,1376,3777,380,6062,482,4373,835,3720,548,5614,614,11992,872,3132,477,1157,279,0,12,190,68,2742,336,2753,380,4071,508,774,204,402,145,40,55,3489,501,219,88,5858,626,2976,557,452,147
22 to 24 years,6639841,18381,839739,5625,30365,856,21,21,452,118,6791,572,707,215,293,108,21039,671,521,120,2707,301,21381,789,495,145,4069,397,4076,379,274,91,21173,763,4417,414,927,169,1692,198,216559,2141,2765,325,4198,335,236,68,1481,203,5879,606,119,77,358,175,9322,495,2525,268,1620,262,63434,1357,5907,365,113,73,50372,1167,30333,915,1058,152,52257,1203,83294,1582,16739,554,14749,515,7699,738,13649,657,13969,782,39195,1060,6851,676,3218,271,33,43,502,94,9865,480,8546,399,10838,673,2008,220,867,233,145,88,9836,581,1018,159,17438,577,7325,614,2019,232
25 to 29 years,11737463,4900,1591508,680,68560,0,8,18,1237,59,8352,3,1032,97,814,71,36317,102,1295,114,5039,148,40691,45,937,33,4895,130,7898,119,355,44,38928,36,7942,53,1835,92,2898,190,431653,0,5265,97,5646,107,423,57,2477,67,10808,173,246,88,346,169,16585,64,4335,63,2430,230,123580,0,10448,94,561,116,89121,0,61383,0,2022,34,88174,126,149715,0,53070,132,27498,63,8899,116,28906,74,16982,123,83387,0,9445,161,5997,69,85,58,1147,55,17181,65,16942,51,20519,0,3560,62,2093,121,289,33,17242,20,1959,133,30386,50,8342,121,3328,110
30 to 34 years,11073985,4231,1484698,740,69852,0,30,27,1190,91,6798,85,1016,90,750,36,36630,130,1233,134,4917,84,36453,53,861,13,4602,148,7143,148,508,67,35258,53,7165,31,1814,100,2189,160,396136,0,4776,85,6354,234,577,92,2534,57,9841,92,209,34,765,370,16699,64,4504,106,2542,68,110588,0,10855,25,411,40,82411,0,58220,0,2189,58,78110,0,135581,0,53553,93,25487,0,8828,222,30212,28,14674,39,82111,81,8171,150,5572,67,112,46,1165,43,16042,105,16411,114,19380,146,3221,72,1921,77,248,19,16005,14,1891,181,28134,54,6890,121,2959,127
35 to 39 years,10520984,19642,1359631,6596,63787,1349,44,29,1444,231,6140,397,921,223,647,99,36957,971,1216,178,5612,339,33755,1023,890,204,4418,417,6341,425,445,105,31019,1073,6808,416,1989,233,1941,199,357331,3246,4400,346,7271,512,419,131,2937,279,8287,560,237,74,644,336,15709,652,4530,298,2932,279,102827,1855,11745,617,506,122,77621,1564,52491,1208,2311,266,71548,1528,118344,1980,41904,989,24713,786,9255,466,29136,948,13281,585,73745,1585,7845,518,5762,355,88,64,1064,153,14749,647,15797,751,17131,780,3001,270,1814,257,276,84,15387,770,1641,247,26792,834,7249,431,2537,299
40 to 44 years,9904665,20566,1262846,6501,59958,1350,19,15,1286,215,6366,386,1249,225,649,98,37785,944,1044,187,4704,359,28325,1041,774,177,4569,407,5596,469,620,99,28167,1070,5585,420,1467,240,1420,186,333398,3247,4518,351,8286,533,474,121,2296,283,8456,548,273,106,317,133,14462,656,4402,315,2639,260,101051,1855,12799,606,344,102,75723,1563,47054,1208,1677,267,65835,1520,106088,1980,31520,992,23328,785,6890,438,26219,943,12757,594,69603,1577,7997,502,3974,345,113,86,1205,160,13258,659,15314,743,17228,777,2846,276,1810,238,326,69,13853,777,1698,247,25594,828,5415,407,2223,281
45 to 49 years,10257989,4596,1279131,682,56727,0,9,12,1549,140,5804,69,1313,145,632,29,39616,129,796,94,6145,104,27909,30,791,34,3841,104,5061,160,519,52,26201,21,5488,34,1738,107,1213,116,341363,0,4288,111,10077,52,460,62,2527,54,7747,57,253,51,292,197,13872,61,4556,82,2846,108,110339,0,12886,43,401,22,76187,0,47356,0,1908,49,66010,177,103905,0,32392,35,23191,0,7894,213,27075,107,12228,53,68738,0,8485,115,4880,41,54,44,1135,17,13694,82,15651,62,16262,111,2757,79,1722,44,393,53,13106,116,1542,131,27615,36,5718,108,1974,96
50 to 54 years,10494113,3747,1261859,539,54080,0,34,25,1491,97,6195,117,1477,100,640,25,40095,0,924,99,6738,69,27580,35,905,99,3738,89,4960,159,650,107,25295,66,4855,32,2032,34,1155,71,329698,0,4154,87,10074,39,591,72,2653,87,7692,101,234,24,500,85,13019,78,4678,74,2995,58,110680,0,12889,27,718,80,75876,0,47297,0,2090,65,64955,0,102918,0,30260,68,22943,0,8387,179,25939,106,12392,38,66398,0,8533,67,5480,70,51,36,1240,43,14813,129,16411,61,16142,0,2927,54,2029,64,473,64,12538,92,1638,91,28726,87,5805,118,2179,103
55 to 59 years,10510995,13953,1209041,4848,51870,947,29,27,1475,209,7151,434,1956,309,783,95,39085,861,978,172,7875,464,26456,815,839,160,4211,316,4827,419,651,102,25026,917,4391,287,2345,267,976,127,305143,2240,4097,340,9412,475,741,125,2960,276,7013,416,239,64,715,179,12139,489,4853,225,3879,360,106335,1463,12458,546,747,133,72694,1258,45569,926,2117,183,61973,1175,99127,1492,26821,932,20825,755,8725,546,25252,781,12748,549,60080,1018,8885,460,6293,337,239,52,1596,176,14498,483,16593,549,16561,557,2715,226,2348,222,434,143,11568,498,2027,237,29615,736,5953,347,2130,226
60 and 61 years,4058895,11507,463834,3944,19475,872,26,21,715,191,2692,388,749,200,230,80,14081,661,442,127,3095,376,10160,676,306,86,1951,263,1397,238,299,98,8803,673,1541,234,1190,203,445,99,117862,2004,1723,264,3940,331,402,119,1363,250,2762,334,154,87,194,104,4896,433,1921,236,1610,287,38883,1287,5303,432,395,135,26435,847,17922,793,633,118,23476,926,37845,1192,10572,578,8716,526,3847,439,9892,616,5418,412,23073,876,3509,373,2629,253,23,21,615,111,6110,422,7314,504,5362,451,1295,232,726,184,278,128,4833,445,782,214,10646,671,1939,266,939,205
62 to 64 years,5576339,14037,614865,4658,26247,910,39,18,1081,193,4080,352,1248,272,341,91,19161,769,494,128,4675,406,13105,754,566,157,2734,284,2611,386,508,93,12387,812,1670,250,1481,248,604,124,151183,1926,2333,292,5458,430,428,105,1984,278,3564,383,355,97,262,130,6634,429,2509,217,2624,311,48077,1215,6924,486,601,145,35145,1047,24287,787,924,167,30610,1134,52807,1223,15213,924,10914,646,6029,402,13005,707,6246,445,28777,838,5643,408,3670,261,81,49,1204,164,7915,461,10451,552,7660,470,1657,216,1241,175,472,134,5766,527,1534,232,13604,683,2857,278,1185,221
65 and 66 years,3382330,9578,371074,3539,15412,806,41,26,769,160,2751,298,670,159,262,86,11153,700,414,124,3011,353,8121,549,358,120,1717,264,1741,260,275,56,6884,538,1225,210,901,215,372,80,89956,1793,1382,230,3345,360,409,115,1336,233,2050,245,238,87,198,134,4490,360,1717,209,1617,244,29533,879,4514,437,444,117,20819,825,14335,597,395,96,17117,721,31201,1017,9217,514,6140,456,3900,349,7839,478,4061,386,16820,769,3566,368,2358,241,34,28,600,125,4901,355,6874,433,5058,460,1095,178,747,169,299,91,3873,392,864,150,9124,572,1777,241,754,171
67 to 69 years,4562962,13026,487802,3811,20220,727,11,10,888,140,3663,326,1237,265,312,87,15750,632,378,89,3914,371,10555,595,453,109,2200,257,1845,281,399,69,9186,636,1265,203,1587,260,429,78,115290,1697,1873,264,4779,391,583,127,1805,250,2867,256,234,90,349,142,5152,381,2293,237,2753,280,37962,1023,6162,340,536,103,29615,920,18711,705,854,168,24836,855,39851,1108,12076,557,8637,497,5520,419,10646,572,5355,422,21706,786,4392,377,3514,283,185,72,1072,151,6687,432,8828,466,5920,476,1177,186,1028,183,344,126,4518,375,1506,235,10665,512,2320,229,909,155
70 to 74 years,5857722,11278,617578,4097,25079,727,69,29,1414,190,4843,288,1790,254,365,91,20423,771,644,139,4907,404,13796,573,408,95,3246,260,2400,283,484,81,11162,585,1816,212,1857,242,573,92,140684,1877,3043,306,7016,404,469,101,2753,266,3416,291,244,133,166,107,6417,428,3039,227,3467,320,51634,1058,8791,466,671,119,40484,1090,22801,712,985,163,27544,929,51177,1115,14198,640,10708,519,6200,387,12741,551,7748,499,27455,709,5411,385,4306,308,69,41,1629,166,7517,442,11140,536,7899,486,1477,184,1666,174,434,106,6002,438,1729,210,14917,557,3044,237,1211,197
75 to 79 years,3984034,8825,420939,3293,16781,639,41,29,856,145,3253,277,1052,211,291,69,13489,549,271,96,3005,292,8913,490,376,93,1867,203,1873,278,271,65,7243,507,1040,151,1301,198,338,77,97127,1551,1606,249,4713,317,521,90,1505,188,2746,261,355,121,285,42,4218,319,2461,210,2124,221,35908,963,5900,359,469,91,29876,854,14432,666,532,116,18697,684,33183,870,10346,520,7154,469,4308,306,9071,526,5376,356,20905,655,3296,284,2939,204,70,52,1035,98,4684,307,6909,319,5873,339,1020,161,1089,188,363,88,4183,342,1041,164,9890,516,1756,194,712,133
80 to 84 years,2533303,9088,278686,3207,10771,541,0,12,423,132,1936,220,799,181,136,49,8368,572,211,79,2332,285,5599,413,254,68,705,149,1050,218,307,70,4730,426,1007,156,692,157,252,61,68330,1428,1510,248,2968,336,222,70,575,119,1506,220,91,47,34,26,2916,305,1158,167,1173,206,23820,924,4083,363,252,98,18709,766,10402,610,441,108,11366,609,24322,882,7517,527,4262,406,2636,280,5786,450,3419,290,13305,520,1833,210,2091,196,78,52,436,86,3274,305,4247,318,3158,290,961,174,649,143,186,78,2425,317,782,156,6256,402,1501,195,434,128
85 years and over,2198252,8169,261793,3162,9796,521,8,9,547,150,1841,228,587,157,135,58,8158,495,324,86,1380,216,5657,397,232,69,1098,190,1365,239,211,57,4313,452,592,131,616,162,201,75,66698,1464,789,171,2159,274,198,83,646,158,1097,211,74,46,48,47,2928,292,1358,195,1267,193,22643,799,3516,297,164,73,15888,725,9966,636,310,79,9098,553,22351,981,7466,441,4174,342,2829,294,6666,488,3961,375,12899,518,1439,206,1471,201,14,19,422,101,2812,239,3940,393,2832,296,772,148,609,135,141,65,2343,321,736,156,6299,486,1292,175,417,118
Female:,164810876,5818,19757199,1141,842239,36,485,89,17789,136,114082,86,22851,295,10460,120,583749,143,12750,178,94641,152,493375,86,13758,119,68364,212,87949,146,8915,121,432798,149,67696,130,32330,130,10486,216,5112188,0,80461,135,132987,129,8548,186,43982,178,134395,167,4281,191,6676,311,212409,106,70020,96,50297,170,1604212,0,197350,122,9378,132,1210479,89,779556,0,30225,113,1079265,234,1646558,0,428675,173,372451,107,139159,198,388095,107,222170,189,953048,201,138328,162,91165,143,1415,96,21760,83,222011,78,255727,195,274323,116,48243,76,32139,120,6165,100,230932,98,25933,151,428152,113,111914,189,37410,164
Under 5 years,9655056,3510,1196921,629,47238,0,22,15,731,40,5989,42,982,154,834,74,31954,128,648,89,4239,65,38019,53,890,20,3551,76,7428,93,485,60,34454,72,5687,29,1874,86,632,93,297934,0,5699,120,6165,62,324,43,2488,50,10331,27,232,37,247,197,15423,76,3373,63,1963,34,91582,0,10013,14,388,50,77054,0,48675,0,1969,44,75317,190,102184,0,19362,100,25589,81,6476,99,21353,52,13663,60,56697,171,6989,119,5121,93,23,22,1160,57,12976,55,12366,46,19378,107,3185,67,1901,51,252,39,18422,46,1215,50,24730,82,6149,154,2896,80
5 to 9 years,9880648,19590,1210252,6725,45905,1059,29,14,683,151,6780,444,1115,204,726,133,36275,894,702,164,4929,392,38460,1010,781,158,3796,337,6396,547,626,110,35541,1185,5922,405,1859,288,598,109,290954,2954,6283,495,7265,443,364,126,2936,255,10593,632,247,66,304,116,15295,653,3557,330,2205,256,91347,1685,12136,530,485,129,82544,1567,50616,1163,2190,222,78117,1474,97185,1734,15439,575,28233,974,6544,439,21255,817,13241,650,56665,1207,6961,484,5228,402,78,53,1522,120,13454,628,13313,575,20684,746,3470,299,1780,250,375,69,20214,841,1174,240,25684,779,6003,391,3189,328
10 to 14 years,10219256,19100,1257108,6643,47993,1060,20,17,994,182,5662,446,1064,213,826,131,36721,895,982,186,5795,431,38970,1009,1210,159,3435,319,7482,542,375,112,36652,1185,5489,410,1776,256,549,101,306842,2954,5803,501,7852,440,478,112,2254,244,11712,640,213,59,321,194,16097,657,4521,340,2575,244,100123,1686,12398,531,455,138,87828,1567,49223,1163,2282,224,78371,1474,96433,1734,14497,583,28155,974,7311,435,22456,821,13994,638,61122,1207,7601,472,5324,408,90,29,863,114,13511,630,14297,575,20341,746,3442,297,2477,229,210,83,19793,843,1252,237,29383,795,6740,381,2473,330
15 to 17 years,6147898,3435,746969,549,26979,36,25,13,494,63,3607,72,675,78,457,65,22856,68,530,68,3503,87,22092,30,636,58,2156,54,4051,43,238,60,20291,89,3071,110,1181,115,343,19,185868,0,3341,57,4691,67,228,22,1516,62,6595,31,120,67,258,159,8880,54,2648,32,1540,124,61263,0,7753,66,267,49,53419,88,29509,0,1396,52,47520,104,57270,0,8251,62,16717,52,4244,109,12648,91,7850,54,34350,86,4470,76,3188,64,27,15,700,7,8287,86,8629,144,11985,54,2012,22,1361,108,173,67,11517,85,781,58,17212,64,3831,92,1469,106
18 and 19 years,4220084,5219,508404,823,19583,36,12,13,364,141,4107,124,341,76,337,52,12806,103,419,147,1907,125,13388,76,347,79,2345,169,2569,127,135,56,11586,69,1860,100,680,123,231,38,129778,0,1952,97,2527,53,47,34,956,65,4895,123,40,40,326,203,6474,139,1781,61,936,169,40370,54,4140,99,167,96,33807,0,16722,0,797,34,28903,32,42135,0,7342,66,10048,119,6655,306,6904,133,11248,220,21318,71,7178,198,1744,78,15,17,443,83,4652,56,6183,86,7099,102,1102,44,532,154,108,93,6749,186,424,48,10851,70,7205,141,834,84
20 years,2212618,11682,264323,3826,9360,673,10,8,101,73,2352,396,247,112,131,61,5396,537,81,65,685,202,7319,565,160,79,1377,399,1250,303,46,33,5457,482,1013,250,186,81,131,68,71468,1541,1163,256,948,221,33,40,410,138,2499,385,20,24,241,181,3242,351,815,209,424,185,20174,1041,1726,310,101,74,17708,1146,8695,688,393,159,16662,1021,21844,1102,3187,454,4954,508,3596,475,3143,382,6315,517,10115,781,4097,564,846,208,0,12,240,88,2028,312,2811,385,3750,422,520,121,284,180,18,29,3377,464,143,81,6194,561,4488,585,349,113
21 years,2170437,11474,265098,4264,10717,813,0,12,118,83,3087,620,219,144,164,75,6461,499,81,54,719,214,7454,612,289,134,1254,292,1347,263,68,59,6259,567,919,224,363,130,47,38,68213,1716,1306,309,905,200,98,54,358,140,2487,417,21,24,52,71,2742,323,823,197,527,224,20922,944,2114,318,82,60,17193,1037,8396,644,681,161,16128,1065,23629,1275,3521,368,5767,513,2876,568,3063,377,5839,616,9923,673,2355,468,1363,307,0,12,163,64,2715,368,2997,358,3622,484,590,146,403,146,85,80,3392,443,311,128,4896,470,4500,591,474,154
22 to 24 years,6336834,15159,801866,4498,30417,903,5,9,374,119,6854,605,456,152,295,82,21170,681,327,89,3185,287,20611,742,444,155,3779,451,3409,325,240,82,19361,719,3209,257,830,164,346,84,216088,1943,3144,297,3729,299,261,55,1410,161,4747,504,84,71,115,82,8724,365,2593,223,1025,282,63867,1169,5946,390,174,94,47661,1432,31366,779,947,163,46976,1123,67722,1440,17871,592,14223,678,6747,586,14368,545,11574,771,36902,936,7127,557,2763,326,58,36,552,109,8824,431,8639,449,10823,465,1777,153,1043,227,53,42,9759,546,699,164,17319,638,7270,707,1584,183
25 to 29 years,11331857,4400,1486984,673,67880,0,13,11,837,48,7440,100,1029,134,647,28,35273,0,706,99,4322,57,38773,57,812,9,4734,144,6047,84,393,82,33109,32,5377,108,1644,55,602,42,416112,0,5886,181,4864,137,456,57,2309,36,9987,92,281,89,223,137,14767,69,4134,67,2108,149,116031,0,9919,86,401,50,83939,0,61135,0,1915,62,83831,0,135423,0,50041,96,25799,74,7365,227,25769,44,14701,78,70999,0,8188,132,5703,52,37,32,1010,19,15968,91,15614,43,20108,89,3427,47,1965,127,206,19,16431,108,1384,119,28142,26,7681,90,3087,79
30 to 34 years,10887110,3818,1404674,768,69727,0,15,12,853,92,6409,71,1027,144,677,26,37055,0,751,129,4792,134,34659,62,814,33,4182,67,5474,84,674,72,30117,58,4887,28,1674,68,618,65,379345,0,5624,214,5776,142,439,54,2523,89,8812,46,297,74,781,229,14554,130,4217,64,2527,95,105862,0,11051,93,401,46,79454,0,58191,0,2011,65,75417,135,125119,0,48697,134,24680,80,7747,136,28518,42,12845,4,73102,0,7829,131,5594,73,37,39,1115,29,15347,127,15596,100,18597,98,3231,107,1744,90,281,57,15815,138,1320,62,26253,44,6701,154,2819,110
35 to 39 years,10550321,16910,1321745,5724,65087,1366,42,13,897,174,6566,433,990,251,699,105,38243,1033,823,153,5684,387,31458,984,967,142,4323,361,5111,376,370,100,27990,965,4425,368,2000,211,615,133,349818,2822,5210,488,6826,400,371,116,2520,272,8567,565,132,60,413,183,13519,549,4341,326,2775,300,104092,1579,13002,514,496,111,77887,1727,53456,1240,1983,220,71002,1525,113160,1893,35126,953,23888,906,8175,489,28178,871,12160,559,68588,1217,8160,416,5414,429,117,64,1069,130,14417,514,16064,664,17750,678,3067,272,1597,273,483,133,15134,665,1368,224,25897,771,6565,451,2668,244
40 to 44 years,10002861,16778,1261665,5786,59398,1366,43,27,667,159,5331,434,1176,253,564,95,40142,1050,635,147,5100,388,29129,955,739,138,3867,346,5038,387,662,103,25084,974,3843,371,1424,212,476,124,339267,2822,5202,452,8514,435,392,102,2458,273,7966,564,289,81,389,181,12727,543,4309,329,2565,311,104481,1580,12177,524,492,140,77042,1727,48046,1240,1900,216,67720,1508,103709,1894,29576,939,24211,897,6215,508,26617,875,12152,572,67635,1217,7909,411,4414,430,24,24,1001,130,12846,534,14887,663,16529,716,2846,261,1914,281,325,133,13361,677,1114,212,26758,778,6374,448,1994,258
45 to 49 years,10469781,4149,1284503,542,57136,0,4,5,926,79,5888,63,1202,88,611,27,41265,140,726,90,6215,95,27686,52,738,33,3571,74,5088,96,428,49,24720,18,3652,61,1869,71,592,40,346695,0,4777,119,10381,128,539,99,2530,81,7768,58,181,33,395,112,12298,65,4711,26,2565,110,114798,0,13483,135,422,40,76442,0,49125,0,1959,65,67939,0,104491,0,27490,59,23266,62,7151,79,27272,0,11853,70,67683,95,8306,95,5176,86,81,77,1143,17,13615,88,15592,131,16552,74,2788,35,1809,70,312,51,12894,105,1399,109,28300,56,5922,96,2083,82
50 to 54 years,10850737,3251,1275929,524,55083,0,9,8,1236,102,6498,86,1581,67,646,34,41923,0,804,129,7084,93,27664,94,821,51,3718,89,5047,76,540,6,24735,34,3684,20,2183,87,736,35,337869,0,4627,183,10475,94,550,65,2668,82,7453,59,242,8,464,107,12075,79,4634,64,3352,90,113234,0,13475,21,642,84,75089,0,49785,0,2089,55,67215,0,104158,0,25163,59,22597,63,8102,93,27181,0,12320,76,64029,95,8774,69,5985,61,109,7,1348,31,14942,67,17403,131,16727,0,2965,80,2129,65,418,61,12615,28,1551,79,29397,39,6014,102,2072,106
55 to 59 years,11143260,17729,1264187,4805,54961,1016,44,24,1619,190,7314,492,2192,309,683,102,41148,875,1209,145,8619,397,27855,833,721,120,4770,264,4704,343,728,135,24064,838,3342,296,2546,260,919,110,324365,2452,4890,375,10621,508,872,143,3269,307,6807,468,372,94,689,166,13268,460,5093,284,4369,372,106644,1435,13667,580,748,175,73213,1385,50697,1044,1851,161,66417,1313,103867,1509,23961,835,21753,718,10241,507,26831,717,13337,476,60724,1221,9926,474,6814,348,209,49,2036,181,15351,621,18923,621,17086,698,2840,223,2129,271,615,114,12133,555,2085,246,29853,760,5982,346,2201,250
60 and 61 years,4370261,13361,490110,4588,20842,812,7,7,561,144,2928,338,1031,243,301,75,15611,794,358,102,3096,333,10674,583,425,117,1843,259,2220,327,381,102,9033,734,1217,232,1353,228,367,84,124867,2017,1702,272,4189,432,314,109,1356,210,2860,345,110,61,191,91,4736,400,1826,266,1915,276,41406,1073,5272,449,416,111,27338,1031,19532,770,775,157,25947,1093,41023,1233,10701,607,9064,582,4310,355,10052,570,5388,447,22359,887,3769,392,2469,267,56,45,762,126,6588,407,7891,477,6596,559,1270,215,949,224,215,88,4635,469,839,175,10881,609,2305,303,988,183
62 to 64 years,6096664,14220,668292,5041,27966,796,44,21,985,162,4872,402,1140,252,281,82,20909,799,483,112,4746,411,14028,734,585,143,2978,275,2721,323,376,111,13151,707,1981,298,1509,215,470,90,168812,2435,2624,332,6069,453,394,96,2109,267,4042,361,235,80,298,114,6469,443,2702,243,3073,347,54411,1343,8272,502,727,161,37677,1276,27438,753,1075,147,32480,1082,55202,1238,14289,694,11501,635,5950,459,14359,674,7047,462,29753,958,5471,385,4426,380,12,14,1095,169,9056,523,11547,612,7757,477,1795,219,1603,237,393,112,6504,511,1705,235,15925,664,3478,301,1292,217
65 and 66 years,3743900,11531,409644,3610,17183,836,29,14,843,179,2910,257,852,216,303,83,12774,654,374,104,3065,333,8579,545,380,97,1555,199,1764,288,271,66,7231,515,1295,224,1274,255,260,82,101272,1753,1476,225,3822,348,199,70,1620,240,1822,219,250,112,159,106,4893,398,1684,200,2066,253,31681,951,4879,409,311,99,23860,1038,17396,628,670,164,19618,837,34762,1028,9704,550,7324,492,3965,293,8476,545,4522,334,18424,645,3882,403,2349,272,19,15,783,118,5149,413,7000,420,4757,426,949,151,983,183,236,74,4203,406,889,155,9857,448,2039,251,752,137
67 to 69 years,5151607,10653,556798,3773,23858,844,16,16,1076,185,4247,340,1287,216,308,76,18974,832,453,104,4180,393,12155,627,519,122,2862,300,2252,276,467,94,9623,610,1140,168,1550,206,515,102,135067,1690,2239,309,5933,448,489,114,2011,246,2867,349,146,64,212,116,5184,381,2714,228,2755,323,44999,1233,7054,388,670,137,34429,1035,22047,716,679,149,26554,930,45192,1231,12357,607,9236,544,5990,383,12138,600,6154,483,24297,707,4355,338,3731,288,145,53,1152,140,7116,523,11329,555,7171,493,1316,161,1318,219,316,90,4688,471,1127,194,12396,614,2478,269,1265,174
70 to 74 years,6843745,15439,729375,4360,30227,853,64,30,1328,183,5298,356,1711,236,320,69,24158,752,607,108,4766,376,15486,580,389,89,3215,258,2816,282,409,81,13076,659,2007,212,1733,222,513,88,176564,1762,2983,307,7934,462,644,111,2466,252,4390,332,266,80,286,124,7230,366,3291,213,3576,339,61809,1298,10697,452,589,135,44478,1002,27986,821,944,162,32141,977,59555,1091,16422,729,12885,549,6888,446,16018,685,8457,467,33292,902,5753,417,5139,305,89,46,1489,151,9681,497,12877,611,10051,556,1952,197,1311,177,438,94,7072,430,2049,246,16819,616,3746,266,995,174
75 to 79 years,4929902,11685,518080,3848,20301,727,13,11,623,140,3875,277,1101,186,291,74,16052,610,383,96,3563,341,10446,509,530,111,1908,195,2517,317,345,76,8617,461,1722,218,1502,209,401,78,129381,2004,1661,205,5410,360,467,107,1453,166,2800,311,226,77,221,70,4613,391,2189,222,2164,230,43804,1120,7504,385,472,103,34581,1014,19362,719,732,145,22726,906,42312,1039,11777,591,8949,496,5170,405,11563,580,6331,424,24715,702,3588,317,3421,252,76,63,891,121,5848,395,8792,456,6575,399,1427,168,1329,182,373,69,4759,341,1326,189,11760,586,2319,237,823,145
80 to 84 years,3525274,10508,382536,3482,15396,720,4,6,747,172,2773,258,642,144,163,57,12452,630,383,99,1812,286,7931,474,247,92,1380,232,1582,287,345,91,6363,453,976,183,653,148,263,84,98526,1733,1397,226,3644,369,379,111,1159,174,2159,275,149,81,82,68,3878,290,2021,212,1326,185,32410,912,5201,365,239,91,23623,942,14791,657,404,105,15746,765,31637,917,9636,528,6356,433,3553,381,8753,578,4978,400,18300,649,2618,308,2335,224,85,50,661,129,4329,391,5701,348,4990,424,1107,167,682,166,146,66,3406,310,884,164,8747,506,1806,221,580,130
85 years and over,4070765,9664,451736,3547,19002,760,15,12,732,143,3295,293,791,181,196,84,14131,695,285,111,2635,326,10539,539,314,81,1765,227,1636,287,313,102,6284,478,978,176,667,192,262,85,117083,1718,1472,224,4447,384,210,92,1203,219,2236,289,128,69,9,15,5321,417,2043,231,1966,252,38902,981,5471,350,233,86,24213,946,17367,762,583,152,16518,788,38546,1186,14265,742,7256,485,3888,377,11180,557,6201,433,22056,679,3022,316,2618,267,28,29,562,108,5311,391,7276,425,5395,376,1165,180,896,171,134,88,4059,317,894,189,10898,565,2318,243,523,148
